{
	"display": {
		"icon": {
			"item": "minecraft:sculk_sensor"
		},
		"title": {"translate":"Loud and Proud"},
		"description": {"color":"#75E1FF","translate":"Play a Goat Horn in the Deep Dark"},
		"announce_to_chat": "true",
		"frame": "goal"
	},
	"parent": "blazeandcave:animal/ram",
	"rewards": {
		"function": "bc_rewards:animal/loud_and_proud"
	},			
	"criteria": {
		"goat_horn": {
			"trigger": "minecraft:using_item",
			"conditions": {
				"item": {
					"items": [
						"minecraft:goat_horn"
					]
				},
				"player": [
					{
						"condition": "minecraft:any_of",
						"terms": [
							{
								"condition": "minecraft:entity_properties",
								"entity": "this",
								"predicate": {
									"location": {
										"biome": "minecraft:deep_dark"
									}
								}
							},
							{
								"condition": "minecraft:entity_properties",
								"entity": "this",
								"predicate": {
									"location": {
										"structure": "minecraft:ancient_city"
									}
								}
							}
						]
					}
				]
			}
		}
	}
}