{
	"display": {
		"icon": {
			"item": "minecraft:cobblestone"
		},
		"title": {"translate":"Mining Milestone"},
		"description": {"color":"yellow","translate":"Complete every advancement in the Mining tab"},
		"announce_to_chat": "true",
		"frame": "goal"
	},
	"parent": "blazeandcave:bacap/time_to_farm",
	"rewards": {
		"function": "bc_rewards:bacap/mining_milestone"
	},		
	"criteria": {
		"acquire_hardware": {
			"trigger": "minecraft:location",
			"conditions": {
				"player":  {
					"type_specific": {
						"type": "player",
						"advancements": {
							"minecraft:story/smelt_iron": "true"
						}
					}
				}
			}
		},
		"bling_bling_gone": {
			"trigger": "minecraft:location",
			"conditions": {
				"player":  {
					"type_specific": {
						"type": "player",
						"advancements": {
							"blazeandcave:mining/bling_bling_gone": "true"
						}
					}
				}
			}
		},
		"chestful_of_cobblestone": {
			"trigger": "minecraft:location",
			"conditions": {
				"player":  {
					"type_specific": {
						"type": "player",
						"advancements": {
							"blazeandcave:mining/chestful_of_cobblestone": "true"
						}
					}
				}
			}
		},
		"coal_miner": {
			"trigger": "minecraft:location",
			"conditions": {
				"player":  {
					"type_specific": {
						"type": "player",
						"advancements": {
							"blazeandcave:mining/coal_miner": "true"
						}
					}
				}
			}
		},
		"cover_me_with_diamonds": {
			"trigger": "minecraft:location",
			"conditions": {
				"player":  {
					"type_specific": {
						"type": "player",
						"advancements": {
							"minecraft:story/shiny_gear": "true"
						}
					}
				}
			}
		},
		"diamond_clad": {
			"trigger": "minecraft:location",
			"conditions": {
				"player":  {
					"type_specific": {
						"type": "player",
						"advancements": {
							"blazeandcave:mining/diamond_clad": "true"
						}
					}
				}
			}
		},
		"diamond_miner": {
			"trigger": "minecraft:location",
			"conditions": {
				"player":  {
					"type_specific": {
						"type": "player",
						"advancements": {
							"blazeandcave:mining/diamond_miner": "true"
						}
					}
				}
			}
		},
		"diamonds": {
			"trigger": "minecraft:location",
			"conditions": {
				"player":  {
					"type_specific": {
						"type": "player",
						"advancements": {
							"minecraft:story/mine_diamond": "true"
						}
					}
				}
			}
		},
		"eeuuwww": {
			"trigger": "minecraft:location",
			"conditions": {
				"player":  {
					"type_specific": {
						"type": "player",
						"advancements": {
							"blazeandcave:mining/eeuuwww": "true"
						}
					}
				}
			}
		},
		"enchanter": {
			"trigger": "minecraft:location",
			"conditions": {
				"player":  {
					"type_specific": {
						"type": "player",
						"advancements": {
							"minecraft:story/enchant_item": "true"
						}
					}
				}
			}
		},
		"even_moar_tools": {
			"trigger": "minecraft:location",
			"conditions": {
				"player":  {
					"type_specific": {
						"type": "player",
						"advancements": {
							"blazeandcave:mining/even_moar_tools": "true"
						}
					}
				}
			}
		},
		"flint_miner": {
			"trigger": "minecraft:location",
			"conditions": {
				"player":  {
					"type_specific": {
						"type": "player",
						"advancements": {
							"blazeandcave:mining/flint_miner": "true"
						}
					}
				}
			}
		},
		"fossil_fuel": {
			"trigger": "minecraft:location",
			"conditions": {
				"player":  {
					"type_specific": {
						"type": "player",
						"advancements": {
							"blazeandcave:mining/fossil_fuel": "true"
						}
					}
				}
			}
		},
		"getting_an_upgrade": {
			"trigger": "minecraft:location",
			"conditions": {
				"player":  {
					"type_specific": {
						"type": "player",
						"advancements": {
							"minecraft:story/upgrade_tools": "true"
						}
					}
				}
			}
		},
		"gold_mine": {
			"trigger": "minecraft:location",
			"conditions": {
				"player":  {
					"type_specific": {
						"type": "player",
						"advancements": {
							"blazeandcave:mining/gold_mine": "true"
						}
					}
				}
			}
		},
		"gold_miner": {
			"trigger": "minecraft:location",
			"conditions": {
				"player":  {
					"type_specific": {
						"type": "player",
						"advancements": {
							"blazeandcave:mining/gold_miner": "true"
						}
					}
				}
			}
		},
		"gold_rush": {
			"trigger": "minecraft:location",
			"conditions": {
				"player":  {
					"type_specific": {
						"type": "player",
						"advancements": {
							"blazeandcave:mining/gold_rush": "true"
						}
					}
				}
			}
		},
		"heart_of_darkness": {
			"trigger": "minecraft:location",
			"conditions": {
				"player":  {
					"type_specific": {
						"type": "player",
						"advancements": {
							"blazeandcave:mining/heart_of_darkness": "true"
						}
					}
				}
			}
		},
		"hot_stuff": {
			"trigger": "minecraft:location",
			"conditions": {
				"player":  {
					"type_specific": {
						"type": "player",
						"advancements": {
							"minecraft:story/lava_bucket": "true"
						}
					}
				}
			}
		},
		"hot_topic": {
			"trigger": "minecraft:location",
			"conditions": {
				"player":  {
					"type_specific": {
						"type": "player",
						"advancements": {
							"blazeandcave:mining/hot_topic": "true"
						}
					}
				}
			}
		},
		"ice_bucket_challenge": {
			"trigger": "minecraft:location",
			"conditions": {
				"player":  {
					"type_specific": {
						"type": "player",
						"advancements": {
							"minecraft:story/form_obsidian": "true"
						}
					}
				}
			}
		},
		"iconic_merchandising_prop": {
			"trigger": "minecraft:location",
			"conditions": {
				"player":  {
					"type_specific": {
						"type": "player",
						"advancements": {
							"blazeandcave:mining/iconic_merchandising_prop": "true"
						}
					}
				}
			}
		},
		"iron_man": {
			"trigger": "minecraft:location",
			"conditions": {
				"player":  {
					"type_specific": {
						"type": "player",
						"advancements": {
							"blazeandcave:mining/iron_man": "true"
						}
					}
				}
			}
		},
		"iron_miner": {
			"trigger": "minecraft:location",
			"conditions": {
				"player":  {
					"type_specific": {
						"type": "player",
						"advancements": {
							"blazeandcave:mining/iron_miner": "true"
						}
					}
				}
			}
		},
		"isnt_it_iron_pick": {
			"trigger": "minecraft:location",
			"conditions": {
				"player":  {
					"type_specific": {
						"type": "player",
						"advancements": {
							"minecraft:story/iron_tools": "true"
						}
					}
				}
			}
		},
		"lapis_lazuli_miner": {
			"trigger": "minecraft:location",
			"conditions": {
				"player":  {
					"type_specific": {
						"type": "player",
						"advancements": {
							"blazeandcave:mining/lapis_lazuli_miner": "true"
						}
					}
				}
			}
		},
		"living_like_kings": {
			"trigger": "minecraft:location",
			"conditions": {
				"player":  {
					"type_specific": {
						"type": "player",
						"advancements": {
							"blazeandcave:mining/living_like_kings": "true"
						}
					}
				}
			}
		},
		"master_coal_miner": {
			"trigger": "minecraft:location",
			"conditions": {
				"player":  {
					"type_specific": {
						"type": "player",
						"advancements": {
							"blazeandcave:mining/master_coal_miner": "true"
						}
					}
				}
			}
		},
		"master_diamond_miner": {
			"trigger": "minecraft:location",
			"conditions": {
				"player":  {
					"type_specific": {
						"type": "player",
						"advancements": {
							"blazeandcave:mining/master_diamond_miner": "true"
						}
					}
				}
			}
		},
		"master_gold_miner": {
			"trigger": "minecraft:location",
			"conditions": {
				"player":  {
					"type_specific": {
						"type": "player",
						"advancements": {
							"blazeandcave:mining/master_gold_miner": "true"
						}
					}
				}
			}
		},
		"master_iron_miner": {
			"trigger": "minecraft:location",
			"conditions": {
				"player":  {
					"type_specific": {
						"type": "player",
						"advancements": {
							"blazeandcave:mining/master_iron_miner": "true"
						}
					}
				}
			}
		},
		"meet_the_flintstones": {
			"trigger": "minecraft:location",
			"conditions": {
				"player":  {
					"type_specific": {
						"type": "player",
						"advancements": {
							"blazeandcave:mining/meet_the_flintstones": "true"
						}
					}
				}
			}
		},
		"mineral_collection": {
			"trigger": "minecraft:location",
			"conditions": {
				"player":  {
					"type_specific": {
						"type": "player",
						"advancements": {
							"blazeandcave:mining/mineral_collection": "true"
						}
					}
				}
			}
		},
		"moar_broken_tools": {
			"trigger": "minecraft:location",
			"conditions": {
				"player":  {
					"type_specific": {
						"type": "player",
						"advancements": {
							"blazeandcave:mining/moar_broken_tools": "true"
						}
					}
				}
			}
		},
		"moar_tools": {
			"trigger": "minecraft:location",
			"conditions": {
				"player":  {
					"type_specific": {
						"type": "player",
						"advancements": {
							"blazeandcave:mining/moar_tools": "true"
						}
					}
				}
			}
		},
		"my_work_here_is_done": {
			"trigger": "minecraft:location",
			"conditions": {
				"player":  {
					"type_specific": {
						"type": "player",
						"advancements": {
							"blazeandcave:mining/my_work_here_is_done": "true"
						}
					}
				}
			}
		},
		"nananananananana": {
			"trigger": "minecraft:location",
			"conditions": {
				"player":  {
					"type_specific": {
						"type": "player",
						"advancements": {
							"blazeandcave:mining/nananananananana": "true"
						}
					}
				}
			}
		},
		"not_chicken_mcnuggets": {
			"trigger": "minecraft:location",
			"conditions": {
				"player":  {
					"type_specific": {
						"type": "player",
						"advancements": {
							"blazeandcave:mining/not_chicken_mcnuggets": "true"
						}
					}
				}
			}
		},
		"obsidian_miner": {
			"trigger": "minecraft:location",
			"conditions": {
				"player":  {
					"type_specific": {
						"type": "player",
						"advancements": {
							"blazeandcave:mining/obsidian_miner": "true"
						}
					}
				}
			}
		},
		"aww_it_broke": {
			"trigger": "minecraft:location",
			"conditions": {
				"player":  {
					"type_specific": {
						"type": "player",
						"advancements": {
							"blazeandcave:mining/aww_it_broke": "true"
						}
					}
				}
			}
		},
		"redstone_miner": {
			"trigger": "minecraft:location",
			"conditions": {
				"player":  {
					"type_specific": {
						"type": "player",
						"advancements": {
							"blazeandcave:mining/redstone_miner": "true"
						}
					}
				}
			}
		},
		"renewable_energy": {
			"trigger": "minecraft:location",
			"conditions": {
				"player":  {
					"type_specific": {
						"type": "player",
						"advancements": {
							"blazeandcave:mining/renewable_energy": "true"
						}
					}
				}
			}
		},
		"rest_in_pickaxes": {
			"trigger": "minecraft:location",
			"conditions": {
				"player":  {
					"type_specific": {
						"type": "player",
						"advancements": {
							"blazeandcave:mining/rest_in_pickaxes": "true"
						}
					}
				}
			}
		},
		"rock_bottom": {
			"trigger": "minecraft:location",
			"conditions": {
				"player":  {
					"type_specific": {
						"type": "player",
						"advancements": {
							"blazeandcave:mining/rock_bottom": "true"
						}
					}
				}
			}
		},
		"root": {
			"trigger": "minecraft:location",
			"conditions": {
				"player":  {
					"type_specific": {
						"type": "player",
						"advancements": {
							"blazeandcave:mining/root": "true"
						}
					}
				}
			}
		},
		"seeing_red": {
			"trigger": "minecraft:location",
			"conditions": {
				"player":  {
					"type_specific": {
						"type": "player",
						"advancements": {
							"blazeandcave:mining/seeing_red": "true"
						}
					}
				}
			}
		},
		"smokin_hot": {
			"trigger": "minecraft:location",
			"conditions": {
				"player":  {
					"type_specific": {
						"type": "player",
						"advancements": {
							"blazeandcave:mining/smokin_hot": "true"
						}
					}
				}
			}
		},
		"spelunker": {
			"trigger": "minecraft:location",
			"conditions": {
				"player":  {
					"type_specific": {
						"type": "player",
						"advancements": {
							"blazeandcave:mining/spelunker": "true"
						}
					}
				}
			}
		},
		"stabcraft": {
			"trigger": "minecraft:location",
			"conditions": {
				"player":  {
					"type_specific": {
						"type": "player",
						"advancements": {
							"blazeandcave:mining/stabcraft": "true"
						}
					}
				}
			}
		},
		"stone_age": {
			"trigger": "minecraft:location",
			"conditions": {
				"player":  {
					"type_specific": {
						"type": "player",
						"advancements": {
							"minecraft:story/mine_stone": "true"
						}
					}
				}
			}
		},
		"suit_up": {
			"trigger": "minecraft:location",
			"conditions": {
				"player":  {
					"type_specific": {
						"type": "player",
						"advancements": {
							"minecraft:story/obtain_armor": "true"
						}
					}
				}
			}
		},
		"the_mistake": {
			"trigger": "minecraft:location",
			"conditions": {
				"player":  {
					"type_specific": {
						"type": "player",
						"advancements": {
							"blazeandcave:mining/the_mistake": "true"
						}
					}
				}
			}
		},
		"the_way_to_spawn": {
			"trigger": "minecraft:location",
			"conditions": {
				"player":  {
					"type_specific": {
						"type": "player",
						"advancements": {
							"blazeandcave:mining/the_way_to_spawn": "true"
						}
					}
				}
			}
		},
		"diam_oh_wait_no": {
			"trigger": "minecraft:location",
			"conditions": {
				"player":  {
					"type_specific": {
						"type": "player",
						"advancements": {
							"blazeandcave:mining/diam_oh_wait_no": "true"
						}
					}
				}
			}
		},
		"this_is_mine_now": {
			"trigger": "minecraft:location",
			"conditions": {
				"player":  {
					"type_specific": {
						"type": "player",
						"advancements": {
							"blazeandcave:mining/this_is_mine_now": "true"
						}
					}
				}
			}
		},
		"we_need_to_go_deeper": {
			"trigger": "minecraft:location",
			"conditions": {
				"player":  {
					"type_specific": {
						"type": "player",
						"advancements": {
							"minecraft:story/enter_the_nether": "true"
						}
					}
				}
			}
		},
		"weve_broken_our_last_shovel": {
			"trigger": "minecraft:location",
			"conditions": {
				"player":  {
					"type_specific": {
						"type": "player",
						"advancements": {
							"blazeandcave:mining/weve_broken_our_last_shovel": "true"
						}
					}
				}
			}
		},
		"whats_the_time_mr_wolf": {
			"trigger": "minecraft:location",
			"conditions": {
				"player":  {
					"type_specific": {
						"type": "player",
						"advancements": {
							"blazeandcave:mining/whats_the_time_mr_wolf": "true"
						}
					}
				}
			}
		},
		"where_are_all_your_clothes": {
			"trigger": "minecraft:location",
			"conditions": {
				"player":  {
					"type_specific": {
						"type": "player",
						"advancements": {
							"blazeandcave:mining/where_are_all_your_clothes": "true"
						}
					}
				}
			}
		},
		"oresome": {
			"trigger": "minecraft:location",
			"conditions": {
				"player":  {
					"type_specific": {
						"type": "player",
						"advancements": {
							"blazeandcave:mining/oresome": "true"
						}
					}
				}
			}
		},
		"dungeons_and_spawners": {
			"trigger": "minecraft:location",
			"conditions": {
				"player":  {
					"type_specific": {
						"type": "player",
						"advancements": {
							"blazeandcave:mining/dungeons_and_spawners": "true"
						}
					}
				}
			}
		},
		"steals_on_wheels": {
			"trigger": "minecraft:location",
			"conditions": {
				"player":  {
					"type_specific": {
						"type": "player",
						"advancements": {
							"blazeandcave:mining/steals_on_wheels": "true"
						}
					}
				}
			}
		},
		"diamonds_to_you": {
			"trigger": "minecraft:location",
			"conditions": {
				"player":  {
					"type_specific": {
						"type": "player",
						"advancements": {
							"blazeandcave:mining/diamonds_to_you": "true"
						}
					}
				}
			}
		},
		"emerald_miner": {
			"trigger": "minecraft:location",
			"conditions": {
				"player":  {
					"type_specific": {
						"type": "player",
						"advancements": {
							"blazeandcave:mining/emerald_miner": "true"
						}
					}
				}
			}
		},
		"youll_never_take_me_alive_copper": {
			"trigger": "minecraft:location",
			"conditions": {
				"player":  {
					"type_specific": {
						"type": "player",
						"advancements": {
							"blazeandcave:mining/youll_never_take_me_alive_copper": "true"
						}
					}
				}
			}
		},
		"budget_channeling": {
			"trigger": "minecraft:location",
			"conditions": {
				"player":  {
					"type_specific": {
						"type": "player",
						"advancements": {
							"blazeandcave:mining/budget_channeling": "true"
						}
					}
				}
			}
		},
		"dont_come_a_copper": {
			"trigger": "minecraft:location",
			"conditions": {
				"player":  {
					"type_specific": {
						"type": "player",
						"advancements": {
							"blazeandcave:mining/dont_come_a_copper": "true"
						}
					}
				}
			}
		},
		"copper_miner": {
			"trigger": "minecraft:location",
			"conditions": {
				"player":  {
					"type_specific": {
						"type": "player",
						"advancements": {
							"blazeandcave:mining/copper_miner": "true"
						}
					}
				}
			}
		},
		"master_copper_miner": {
			"trigger": "minecraft:location",
			"conditions": {
				"player":  {
					"type_specific": {
						"type": "player",
						"advancements": {
							"blazeandcave:mining/master_copper_miner": "true"
						}
					}
				}
			}
		},
		"wax_on": {
			"trigger": "minecraft:location",
			"conditions": {
				"player":  {
					"type_specific": {
						"type": "player",
						"advancements": {
							"minecraft:husbandry/wax_on": "true"
						}
					}
				}
			}
		},
		"the_statue_of_liberty": {
			"trigger": "minecraft:location",
			"conditions": {
				"player":  {
					"type_specific": {
						"type": "player",
						"advancements": {
							"blazeandcave:mining/the_statue_of_liberty": "true"
						}
					}
				}
			}
		},
		"sly_copper_the_copper_heist": {
			"trigger": "minecraft:location",
			"conditions": {
				"player":  {
					"type_specific": {
						"type": "player",
						"advancements": {
							"blazeandcave:mining/sly_copper_the_copper_heist": "true"
						}
					}
				}
			}
		},
		"gi_geode": {
			"trigger": "minecraft:location",
			"conditions": {
				"player":  {
					"type_specific": {
						"type": "player",
						"advancements": {
							"blazeandcave:mining/gi_geode": "true"
						}
					}
				}
			}
		},
		"good_for_your_bones": {
			"trigger": "minecraft:location",
			"conditions": {
				"player":  {
					"type_specific": {
						"type": "player",
						"advancements": {
							"blazeandcave:mining/good_for_your_bones": "true"
						}
					}
				}
			}
		},
		"galileo_figaro": {
			"trigger": "minecraft:location",
			"conditions": {
				"player":  {
					"type_specific": {
						"type": "player",
						"advancements": {
							"blazeandcave:mining/galileo_figaro": "true"
						}
					}
				}
			}
		},
		"blackout": {
			"trigger": "minecraft:location",
			"conditions": {
				"player":  {
					"type_specific": {
						"type": "player",
						"advancements": {
							"blazeandcave:mining/blackout": "true"
						}
					}
				}
			}
		},
		"amethyst_miner": {
			"trigger": "minecraft:location",
			"conditions": {
				"player":  {
					"type_specific": {
						"type": "player",
						"advancements": {
							"blazeandcave:mining/amethyst_miner": "true"
						}
					}
				}
			}
		},
		"lichen_subscribe": {
			"trigger": "minecraft:location",
			"conditions": {
				"player":  {
					"type_specific": {
						"type": "player",
						"advancements": {
							"blazeandcave:mining/lichen_subscribe": "true"
						}
					}
				}
			}
		},
		"thats_the_point": {
			"trigger": "minecraft:location",
			"conditions": {
				"player":  {
					"type_specific": {
						"type": "player",
						"advancements": {
							"blazeandcave:mining/thats_the_point": "true"
						}
					}
				}
			}
		},
		"deep_slate_nine": {
			"trigger": "minecraft:location",
			"conditions": {
				"player":  {
					"type_specific": {
						"type": "player",
						"advancements": {
							"blazeandcave:mining/deep_slate_nine": "true"
						}
					}
				}
			}
		},
		"tuff_stuff": {
			"trigger": "minecraft:location",
			"conditions": {
				"player":  {
					"type_specific": {
						"type": "player",
						"advancements": {
							"blazeandcave:mining/tuff_stuff": "true"
						}
					}
				}
			}
		},
		"moss_maker": {
			"trigger": "minecraft:location",
			"conditions": {
				"player":  {
					"type_specific": {
						"type": "player",
						"advancements": {
							"blazeandcave:mining/moss_maker": "true"
						}
					}
				}
			}
		},
		"iggy": {
			"trigger": "minecraft:location",
			"conditions": {
				"player":  {
					"type_specific": {
						"type": "player",
						"advancements": {
							"blazeandcave:mining/iggy": "true"
						}
					}
				}
			}
		},
		"lush_hour": {
			"trigger": "minecraft:location",
			"conditions": {
				"player":  {
					"type_specific": {
						"type": "player",
						"advancements": {
							"blazeandcave:mining/lush_hour": "true"
						}
					}
				}
			}
		},
		"a_shiny_treat": {
			"trigger": "minecraft:location",
			"conditions": {
				"player":  {
					"type_specific": {
						"type": "player",
						"advancements": {
							"blazeandcave:mining/a_shiny_treat": "true"
						}
					}
				}
			}
		},
		"wax_off": {
			"trigger": "minecraft:location",
			"conditions": {
				"player":  {
					"type_specific": {
						"type": "player",
						"advancements": {
							"minecraft:husbandry/wax_off": "true"
						}
					}
				}
			}
		},
		"surge_protector": {
			"trigger": "minecraft:location",
			"conditions": {
				"player":  {
					"type_specific": {
						"type": "player",
						"advancements": {
							"minecraft:adventure/lightning_rod_with_villager_no_fire": "true"
						}
					}
				}
			}
		},
		"pixel_perfect": {
			"trigger": "minecraft:location",
			"conditions": {
				"player":  {
					"type_specific": {
						"type": "player",
						"advancements": {
							"blazeandcave:mining/pixel_perfect": "true"
						}
					}
				}
			}
		},
		"strike_a_light": {
			"trigger": "minecraft:location",
			"conditions": {
				"player":  {
					"type_specific": {
						"type": "player",
						"advancements": {
							"blazeandcave:mining/strike_a_light": "true"
						}
					}
				}
			}
		},
		"bonfire_night": {
			"trigger": "minecraft:location",
			"conditions": {
				"player":  {
					"type_specific": {
						"type": "player",
						"advancements": {
							"blazeandcave:mining/bonfire_night": "true"
						}
					}
				}
			}
		},
		"called_shot": {
			"trigger": "minecraft:location",
			"conditions": {
				"player":  {
					"type_specific": {
						"type": "player",
						"advancements": {
							"blazeandcave:mining/called_shot": "true"
						}
					}
				}
			}
		},
		"bulldozer": {
			"trigger": "minecraft:location",
			"conditions": {
				"player":  {
					"type_specific": {
						"type": "player",
						"advancements": {
							"blazeandcave:mining/bulldozer": "true"
						}
					}
				}
			}
		},
		"mr_bean": {
			"trigger": "minecraft:location",
			"conditions": {
				"player":  {
					"type_specific": {
						"type": "player",
						"advancements": {
							"blazeandcave:mining/mr_bean": "true"
						}
					}
				}
			}
		},
		"particle_fan": {
			"trigger": "minecraft:location",
			"conditions": {
				"player":  {
					"type_specific": {
						"type": "player",
						"advancements": {
							"blazeandcave:mining/particle_fan": "true"
						}
					}
				}
			}
		},
		"this_dirt_is_dirtier": {
			"trigger": "minecraft:location",
			"conditions": {
				"player":  {
					"type_specific": {
						"type": "player",
						"advancements": {
							"blazeandcave:mining/this_dirt_is_dirtier": "true"
						}
					}
				}
			}
		},
		"leaflet_drop": {
			"trigger": "minecraft:location",
			"conditions": {
				"player":  {
					"type_specific": {
						"type": "player",
						"advancements": {
							"blazeandcave:mining/leaflet_drop": "true"
						}
					}
				}
			}
		},
		"dripstone_drop": {
			"trigger": "minecraft:location",
			"conditions": {
				"player":  {
					"type_specific": {
						"type": "player",
						"advancements": {
							"blazeandcave:mining/dripstone_drop": "true"
						}
					}
				}
			}
		},
		"lucky_break": {
			"trigger": "minecraft:location",
			"conditions": {
				"player":  {
					"type_specific": {
						"type": "player",
						"advancements": {
							"blazeandcave:mining/lucky_break": "true"
						}
					}
				}
			}
		},
		"caves_and_cliffs": {
			"trigger": "minecraft:location",
			"conditions": {
				"player":  {
					"type_specific": {
						"type": "player",
						"advancements": {
							"minecraft:adventure/fall_from_world_height": "true"
						}
					}
				}
			}
		},
		"bottom_to_top": {
			"trigger": "minecraft:location",
			"conditions": {
				"player":  {
					"type_specific": {
						"type": "player",
						"advancements": {
							"blazeandcave:mining/bottom_to_top": "true"
						}
					}
				}
			}
		},
		"sneak_100": {
			"trigger": "minecraft:location",
			"conditions": {
				"player":  {
					"type_specific": {
						"type": "player",
						"advancements": {
							"minecraft:adventure/avoid_vibration": "true"
						}
					}
				}
			}
		},
		"it_spreads": {
			"trigger": "minecraft:location",
			"conditions": {
				"player":  {
					"type_specific": {
						"type": "player",
						"advancements": {
							"minecraft:adventure/kill_mob_near_sculk_catalyst": "true"
						}
					}
				}
			}
		},
		"shriek_forever_after": {
			"trigger": "minecraft:location",
			"conditions": {
				"player":  {
					"type_specific": {
						"type": "player",
						"advancements": {
							"blazeandcave:mining/shriek_forever_after": "true"
						}
					}
				}
			}
		},
		"fallen_kingdom": {
			"trigger": "minecraft:location",
			"conditions": {
				"player":  {
					"type_specific": {
						"type": "player",
						"advancements": {
							"blazeandcave:mining/fallen_kingdom": "true"
						}
					}
				}
			}
		},
		"frigid_diversions": {
			"trigger": "minecraft:location",
			"conditions": {
				"player":  {
					"type_specific": {
						"type": "player",
						"advancements": {
							"blazeandcave:mining/frigid_diversions": "true"
						}
					}
				}
			}
		},
		"death_pointer": {
			"trigger": "minecraft:location",
			"conditions": {
				"player":  {
					"type_specific": {
						"type": "player",
						"advancements": {
							"blazeandcave:mining/death_pointer": "true"
						}
					}
				}
			}
		},
		"9_to_5": {
			"trigger": "minecraft:location",
			"conditions": {
				"player":  {
					"type_specific": {
						"type": "player",
						"advancements": {
							"blazeandcave:mining/9_to_5": "true"
						}
					}
				}
			}
		},
		"echonomy": {
			"trigger": "minecraft:location",
			"conditions": {
				"player":  {
					"type_specific": {
						"type": "player",
						"advancements": {
							"blazeandcave:mining/echonomy": "true"
						}
					}
				}
			}
		},
		"blind_as_a_bat": {
			"trigger": "minecraft:location",
			"conditions": {
				"player":  {
					"type_specific": {
						"type": "player",
						"advancements": {
							"blazeandcave:mining/blind_as_a_bat": "true"
						}
					}
				}
			}
		}
	}
}