{
	"display": {
		"icon": {
			"item": "minecraft:oak_slab"
		},
		"title": {"translate":"Cut In Half"},
		"description": {"color":"green","translate":"Craft some slabs"},
		"announce_to_chat": "true"
	},
	"parent": "blazeandcave:building/your_door_was_locked",
	"rewards": {
		"function": "bc_rewards:building/cut_in_half"
	},		
	"criteria": {
		"slab": {
			"trigger": "minecraft:inventory_changed",
			"conditions": {
				"items": [
					{
						"tag": "minecraft:slabs"
					}
				]
			}
		}
	}
}