{
	"display": {
		"icon": {
			"item": "minecraft:sea_lantern"
		},
		"title": {"translate":"Expensive!"},
		"description": {"color":"green","translate":"Light up the area with some sea lanterns"},
		"announce_to_chat": "true"
	},
	"parent": "blazeandcave:building/electric",
	"rewards": {
		"function": "bc_rewards:building/expensive"
	},		
	"criteria": {
		"sea_lantern": {
			"trigger": "minecraft:placed_block",
			"conditions": {
				"location": [
					{
						"condition": "minecraft:location_check",
						"predicate": {
							"block": {
								"blocks": [
									"minecraft:sea_lantern"
								]
							}
						}
					}
				]
			}
		}
	}
}