{
	"display": {
		"icon": {
			"item": "minecraft:oak_trapdoor"
		},
		"title": {"translate":"It's a Trap!"},
		"description": {"color":"green","translate":"Craft and place down a trapdoor"},
		"announce_to_chat": "true"
	},
	"parent": "blazeandcave:building/ladder_climbers_inc",
	"rewards": {
		"function": "bc_rewards:building/its_a_trap"
	},		
	"criteria": {
		"trapdoor": {
			"trigger": "minecraft:placed_block",
			"conditions": {
				"location": [
					{
						"condition": "minecraft:match_tool",
						"predicate": {
							"tag": "minecraft:trapdoors"
						}
					}
				]
			}
		}
	}	
}