{
	"display": {
		"icon": {
			"item": "minecraft:oak_sign"
		},
		"title": {"translate":"It's a Sign!"},
		"description": {"color":"green","translate":"Craft and place a sign"},
		"announce_to_chat": "true"
	},
	"parent": "blazeandcave:building/your_door_was_locked",
	"rewards": {
		"function": "bc_rewards:building/its_a_sign"
	},		
	"criteria": {
		"sign": {
			"trigger": "minecraft:placed_block",
			"conditions": {
				"location": [
					{
						"condition": "minecraft:match_tool",
						"predicate": {
							"tag": "minecraft:signs"
						}
					}
				]
			}
		}
	}
}